{"stats":{"minecraft:custom":{"minecraft:jump":75,"minecraft:open_chest":1,"minecraft:time_since_rest":14480,"tombstone:raider_killed":1,"minecraft:leave_game":1,"minecraft:damage_dealt":200,"minecraft:crouch_one_cm":39,"minecraft:sprint_one_cm":24783,"minecraft:play_time":14480,"minecraft:time_since_death":14480,"minecraft:walk_one_cm":8616,"minecraft:sneak_time":81,"minecraft:climb_one_cm":806,"minecraft:total_world_time":14615,"minecraft:mob_kills":2,"minecraft:fall_one_cm":209,"minecraft:fly_one_cm":155151},"minecraft:used":{"minecraft:crossbow":2},"minecraft:picked_up":{"iceandfire:dragonbone":2,"illagerinvasion:platinum_chunk":1,"minecraft:emerald":1,"minecraft:crossbow":1},"minecraft:killed":{"minecraft:pillager":1}},"DataVersion":3465}