{"stats":{"minecraft:crafted":{"minecraft:bread":30},"minecraft:used":{"minecraft:wheat_seeds":74,"minecraft:bread":3,"tombstone:gift":2,"minecraft:iron_boots":1},"minecraft:dropped":{"tombstone:grave_dust":1,"luminousworld:sunset_petunias":1,"minecraft:arrow":2,"minecraft:wheat_seeds":176},"minecraft:killed_by":{"undead_revamp2:theimmortal":1,"iceandfire:ghost":1},"minecraft:killed":{"enemyexpansion:sprinter":1},"minecraft:picked_up":{"minecraft:wheat":90,"minecraft:arrow":6,"minecraft:wheat_seeds":250,"luminousworld:sunset_petunias":1,"minecraft:emerald":1,"minecraft:white_bed":1},"minecraft:mined":{"minecraft:grass":5,"minecraft:vine":1,"minecraft:wheat":89,"minecraft:oak_leaves":1},"minecraft:custom":{"minecraft:time_since_rest":15779,"minecraft:open_chest":6,"minecraft:interact_with_furnace":8,"minecraft:walk_one_cm":85326,"minecraft:play_time":24479,"minecraft:sprint_one_cm":59494,"minecraft:damage_taken":632,"tombstone:undead_killed":1,"minecraft:deaths":2,"minecraft:sneak_time":10,"minecraft:trigger_trapped_chest":1,"minecraft:walk_under_water_one_cm":3409,"minecraft:mob_kills":2,"minecraft:drop":180,"minecraft:jump":376,"minecraft:damage_dealt":107,"minecraft:leave_game":1,"minecraft:time_since_death":16128,"minecraft:walk_on_water_one_cm":6113,"minecraft:climb_one_cm":632,"minecraft:total_world_time":24479,"minecraft:swim_one_cm":13319,"minecraft:interact_with_crafting_table":1,"minecraft:fall_one_cm":9062,"minecraft:fly_one_cm":82729}},"DataVersion":3465}