{"stats":{"minecraft:crafted":{"minecraft:oak_planks":4,"minecraft:crafting_table":1,"minecraft:stick":16,"minecraft:wooden_pickaxe":1,"ecologics:walnut_planks":16,"minecraft:bread":30},"minecraft:killed_by":{"undead_revamp2:theimmortal":1,"iceandfire:ghost":1},"minecraft:used":{"minecraft:wheat_seeds":74,"ecologics:walnut_log":3,"minecraft:bread":5,"minecraft:oak_planks":2,"minecraft:iron_sword":1,"minecraft:iron_boots":1,"minecraft:golden_leggings":1,"minecraft:golden_helmet":1,"tombstone:gift":2,"minecraft:experience_bottle":1},"minecraft:mined":{"minecraft:hay_block":3,"minecraft:glass_pane":1,"minecraft:wheat":89,"minecraft:grass":6,"minecraft:oak_log":1,"ecologics:walnut_leaves":1,"minecraft:vine":1,"minecraft:oak_pressure_plate":2,"ecologics:walnut_log":7,"minecraft:oak_leaves":1},"minecraft:picked_up":{"minecraft:golden_helmet":1,"minecraft:wheat":90,"ecologics:walnut_log":7,"minecraft:golden_leggings":1,"minecraft:oak_pressure_plate":1,"luminousworld:sunset_petunias":1,"minecraft:oak_log":1,"minecraft:white_bed":1,"minecraft:lantern":1,"minecraft:experience_bottle":1,"minecraft:arrow":6,"minecraft:wheat_seeds":253,"minecraft:hay_block":3,"minecraft:iron_ingot":1,"minecraft:emerald":2,"minecraft:iron_sword":1},"minecraft:dropped":{"luminousworld:sunset_petunias":1,"minecraft:wheat_seeds":176,"tombstone:grave_dust":1,"minecraft:arrow":2},"minecraft:killed":{"enemyexpansion:sprinter":1},"minecraft:custom":{"minecraft:time_since_rest":11733,"minecraft:interact_with_furnace":12,"minecraft:sprint_one_cm":112582,"minecraft:damage_taken":745,"minecraft:walk_one_cm":141861,"minecraft:trigger_trapped_chest":1,"minecraft:mob_kills":2,"minecraft:drop":180,"minecraft:damage_dealt":107,"minecraft:swim_one_cm":13319,"minecraft:interact_with_crafting_table":3,"minecraft:fly_one_cm":129095,"minecraft:open_chest":11,"minecraft:play_time":41802,"tombstone:undead_killed":1,"minecraft:deaths":2,"minecraft:sneak_time":53,"minecraft:walk_under_water_one_cm":3409,"minecraft:jump":596,"minecraft:eat_cake_slice":3,"minecraft:leave_game":1,"minecraft:walk_on_water_one_cm":6850,"minecraft:time_since_death":33451,"minecraft:sleep_in_bed":1,"minecraft:total_world_time":41802,"minecraft:climb_one_cm":2380,"minecraft:fall_one_cm":14906}},"DataVersion":3465}