{"stats":{"minecraft:crafted":{"minecraft:bread":30},"minecraft:killed_by":{"undead_revamp2:theimmortal":1,"iceandfire:ghost":1},"minecraft:mined":{"minecraft:wheat":89,"minecraft:grass":6,"ecologics:walnut_leaves":1,"minecraft:vine":1,"ecologics:walnut_log":7,"minecraft:oak_leaves":1},"minecraft:used":{"minecraft:wheat_seeds":74,"ecologics:walnut_log":3,"minecraft:bread":3,"minecraft:iron_boots":1,"tombstone:gift":2},"minecraft:picked_up":{"minecraft:wheat":90,"ecologics:walnut_log":7,"luminousworld:sunset_petunias":1,"minecraft:white_bed":1,"minecraft:arrow":6,"minecraft:wheat_seeds":250,"minecraft:iron_ingot":1,"minecraft:emerald":1},"minecraft:dropped":{"luminousworld:sunset_petunias":1,"minecraft:wheat_seeds":176,"tombstone:grave_dust":1,"minecraft:arrow":2},"minecraft:killed":{"enemyexpansion:sprinter":1},"minecraft:custom":{"minecraft:time_since_rest":21102,"minecraft:interact_with_furnace":8,"minecraft:sprint_one_cm":70863,"minecraft:damage_taken":632,"minecraft:walk_one_cm":94247,"minecraft:trigger_trapped_chest":1,"minecraft:mob_kills":2,"minecraft:drop":180,"minecraft:damage_dealt":107,"minecraft:swim_one_cm":13319,"minecraft:interact_with_crafting_table":2,"minecraft:fly_one_cm":96045,"minecraft:open_chest":10,"minecraft:play_time":29802,"tombstone:undead_killed":1,"minecraft:deaths":2,"minecraft:sneak_time":10,"minecraft:walk_under_water_one_cm":3409,"minecraft:jump":434,"minecraft:leave_game":1,"minecraft:walk_on_water_one_cm":6113,"minecraft:time_since_death":21451,"minecraft:total_world_time":29802,"minecraft:climb_one_cm":632,"minecraft:fall_one_cm":10165}},"DataVersion":3465}