{"stats":{"minecraft:used":{"minecraft:iron_boots":1},"minecraft:mined":{"minecraft:grass":1,"minecraft:vine":1,"minecraft:oak_leaves":1},"minecraft:custom":{"minecraft:jump":96,"minecraft:time_since_rest":3700,"minecraft:damage_taken":220,"minecraft:sprint_one_cm":7205,"minecraft:play_time":3700,"minecraft:walk_on_water_one_cm":315,"minecraft:time_since_death":3700,"minecraft:walk_one_cm":13711,"minecraft:trigger_trapped_chest":1,"minecraft:total_world_time":3700,"minecraft:walk_under_water_one_cm":1014,"minecraft:fall_one_cm":1256,"minecraft:fly_one_cm":7483}},"DataVersion":3465}