{"stats":{"minecraft:used":{"tombstone:gift":2,"minecraft:iron_boots":1},"minecraft:killed_by":{"undead_revamp2:theimmortal":1,"iceandfire:ghost":1},"minecraft:picked_up":{"minecraft:white_bed":1},"minecraft:killed":{"enemyexpansion:sprinter":1},"minecraft:mined":{"minecraft:grass":1,"minecraft:vine":1,"minecraft:oak_leaves":1},"minecraft:custom":{"minecraft:time_since_rest":7000,"minecraft:open_chest":2,"minecraft:interact_with_furnace":5,"minecraft:walk_one_cm":40801,"minecraft:play_time":15700,"minecraft:sprint_one_cm":35073,"minecraft:damage_taken":550,"tombstone:undead_killed":1,"minecraft:deaths":2,"minecraft:sneak_time":10,"minecraft:trigger_trapped_chest":1,"minecraft:walk_under_water_one_cm":3409,"minecraft:mob_kills":1,"minecraft:jump":285,"minecraft:damage_dealt":100,"minecraft:time_since_death":7349,"minecraft:walk_on_water_one_cm":5605,"minecraft:climb_one_cm":584,"minecraft:total_world_time":15700,"minecraft:swim_one_cm":13319,"minecraft:fall_one_cm":7013,"minecraft:fly_one_cm":61772}},"DataVersion":3465}