{"stats":{"minecraft:crafted":{"minecraft:oak_planks":4,"minecraft:crafting_table":1,"minecraft:wooden_pickaxe":1,"ecologics:walnut_planks":16,"minecraft:bread":30,"minecraft:stick":16},"minecraft:killed_by":{"undead_revamp2:theimmortal":1,"iceandfire:ghost":1,"iceandfire:fire_dragon":1},"minecraft:mined":{"minecraft:acacia_leaves":1,"luminousworld:yellowpetunias":1,"minecraft:white_bed":1,"minecraft:glass_pane":1,"ecologics:walnut_leaves":1,"luminousworld:grassvariant_2":1,"minecraft:oak_pressure_plate":2,"minecraft:oak_planks":4,"minecraft:hay_block":3,"minecraft:furnace":1,"minecraft:wheat":147,"minecraft:fire":9,"minecraft:grass":11,"minecraft:oak_log":5,"minecraft:vine":1,"ecologics:walnut_log":7,"minecraft:oak_leaves":1},"minecraft:used":{"minecraft:wheat_seeds":74,"ecologics:walnut_log":3,"minecraft:oak_planks":4,"minecraft:wooden_pickaxe":1,"minecraft:iron_sword":50,"minecraft:white_bed":2,"minecraft:oak_log":1,"minecraft:bread":10,"minecraft:iron_boots":1,"minecraft:golden_leggings":1,"minecraft:golden_helmet":1,"tombstone:gift":2,"minecraft:experience_bottle":1},"minecraft:picked_up":{"born_in_chaos_v1:corpse_maggot":1,"minecraft:wheat":130,"minecraft:salmon":2,"minecraft:leather":2,"minecraft:golden_leggings":1,"earthmobsmod:fancy_egg":3,"minecraft:oak_log":5,"minecraft:lantern":1,"minecraft:experience_bottle":1,"minecraft:wheat_seeds":368,"minecraft:beef":9,"minecraft:iron_ingot":1,"minecraft:oak_planks":4,"minecraft:iron_sword":2,"minecraft:furnace":1,"minecraft:golden_helmet":1,"ecologics:walnut_log":7,"minecraft:oak_pressure_plate":1,"luminousworld:sunset_petunias":1,"minecraft:white_bed":2,"minecraft:arrow":6,"luminousworld:yellow_grassflowers":1,"luminousworld:yellowpetunias":1,"minecraft:hay_block":3,"tombstone:essence_of_undeath":1,"minecraft:emerald":2,"minecraft:mutton":7,"minecraft:white_wool":4},"minecraft:dropped":{"minecraft:iron_sword":1,"luminousworld:sunset_petunias":1,"minecraft:wheat_seeds":293,"tombstone:grave_dust":1,"minecraft:arrow":2},"minecraft:killed":{"minecraft:zombie_villager":1,"minecraft:salmon":2,"enemyexpansion:sprinter":1,"born_in_chaos_v1:maggot":1,"minecraft:sheep":4,"earthmobsmod:albino_cow":1,"minecraft:cow":3},"minecraft:custom":{"minecraft:interact_with_furnace":12,"minecraft:mob_kills":15,"minecraft:interact_with_crafting_table":3,"minecraft:damage_dealt_resisted":20,"minecraft:eat_cake_slice":3,"minecraft:leave_game":2,"minecraft:time_since_death":170,"minecraft:sleep_in_bed":3,"minecraft:climb_one_cm":3577,"minecraft:time_since_rest":1,"minecraft:sprint_one_cm":168501,"minecraft:damage_taken":1081,"minecraft:walk_one_cm":194691,"minecraft:trigger_trapped_chest":1,"minecraft:drop":298,"minecraft:damage_dealt":1348,"minecraft:swim_one_cm":30444,"minecraft:talked_to_villager":2,"minecraft:fly_one_cm":160322,"minecraft:open_chest":15,"minecraft:crouch_one_cm":217,"minecraft:play_time":63019,"tombstone:undead_killed":2,"minecraft:deaths":3,"minecraft:sneak_time":279,"minecraft:walk_under_water_one_cm":6887,"minecraft:jump":812,"minecraft:walk_on_water_one_cm":11346,"minecraft:total_world_time":63019,"minecraft:fall_one_cm":20349}},"DataVersion":3465}