{"stats":{"minecraft:crafted":{"minecraft:cooked_beef":5,"minecraft:oak_planks":4,"minecraft:crafting_table":1,"minecraft:wooden_pickaxe":1,"ecologics:walnut_planks":16,"minecraft:bread":30,"minecraft:stick":16,"minecraft:white_bed":1},"minecraft:killed_by":{"undead_revamp2:theimmortal":1,"iceandfire:ghost":1,"iceandfire:fire_dragon":2},"minecraft:mined":{"iceandfire:lightning_lily":1,"minecraft:acacia_leaves":1,"luminousworld:yellowpetunias":1,"minecraft:white_bed":2,"minecraft:glass_pane":1,"minecraft:crafting_table":1,"luminousworld:savannah_grass_1":1,"ecologics:walnut_leaves":1,"luminousworld:grassvariant_2":1,"minecraft:oak_pressure_plate":2,"minecraft:oak_planks":4,"minecraft:hay_block":3,"minecraft:furnace":1,"minecraft:wheat":147,"minecraft:fire":9,"minecraft:grass":11,"minecraft:oak_log":5,"minecraft:vine":1,"ecologics:walnut_log":7,"minecraft:oak_leaves":1},"minecraft:used":{"minecraft:cooked_mutton":1,"minecraft:wheat_seeds":74,"ecologics:walnut_log":3,"minecraft:armor_stand":1,"minecraft:oak_planks":4,"luminousworld:tall_deadbush":2,"minecraft:wooden_pickaxe":1,"minecraft:iron_sword":56,"minecraft:iron_chestplate":1,"minecraft:crafting_table":1,"minecraft:white_bed":3,"minecraft:dark_oak_fence_gate":1,"minecraft:stone_brick_wall":6,"minecraft:beehive":1,"minecraft:oak_log":1,"iceandfire:lightning_lily":1,"minecraft:oak_stairs":1,"minecraft:spruce_button":2,"minecraft:bread":13,"minecraft:stone_button":1,"minecraft:iron_helmet":1,"minecraft:iron_boots":1,"minecraft:stone_bricks":1,"minecraft:golden_leggings":1,"minecraft:golden_helmet":1,"ecologics:coconut_slice":1,"tombstone:gift":2,"minecraft:iron_leggings":1,"minecraft:experience_bottle":1},"minecraft:picked_up":{"born_in_chaos_v1:corpse_maggot":1,"minecraft:crafting_table":1,"minecraft:iron_chestplate":1,"minecraft:wheat":130,"minecraft:cooked_beef":2,"minecraft:salmon":2,"minecraft:leather":2,"minecraft:golden_leggings":2,"minecraft:oak_stairs":1,"earthmobsmod:fancy_egg":3,"minecraft:stone_brick_wall":6,"minecraft:oak_log":10,"minecraft:lantern":1,"minecraft:iron_leggings":1,"minecraft:cooked_mutton":1,"minecraft:armor_stand":1,"minecraft:experience_bottle":1,"minecraft:stone_bricks":1,"minecraft:bow":1,"minecraft:wheat_seeds":368,"minecraft:beef":9,"minecraft:iron_ingot":2,"minecraft:oak_planks":6,"minecraft:iron_sword":2,"minecraft:iron_boots":1,"minecraft:egg":1,"minecraft:furnace":1,"minecraft:golden_helmet":2,"minecraft:beehive":1,"ecologics:walnut_log":7,"ecologics:coconut_slice":4,"minecraft:oak_pressure_plate":1,"luminousworld:sunset_petunias":1,"minecraft:stone_button":1,"minecraft:white_bed":3,"minecraft:dark_oak_fence_gate":1,"iceandfire:lightning_lily":1,"minecraft:arrow":8,"luminousworld:yellow_grassflowers":1,"luminousworld:yellowpetunias":1,"minecraft:iron_helmet":1,"minecraft:hay_block":5,"minecraft:spruce_button":3,"tombstone:essence_of_undeath":1,"minecraft:emerald":3,"luminousworld:tall_deadbush":2,"minecraft:melon_seeds":1,"minecraft:mutton":7,"minecraft:white_wool":4},"minecraft:dropped":{"minecraft:iron_sword":1,"luminousworld:sunset_petunias":1,"minecraft:wheat_seeds":293,"minecraft:golden_helmet":1,"ecologics:coconut_husk":1,"minecraft:golden_leggings":1,"tombstone:grave_dust":1,"minecraft:arrow":2},"minecraft:killed":{"minecraft:zombie_villager":1,"minecraft:salmon":2,"enemyexpansion:sprinter":1,"born_in_chaos_v1:maggot":1,"minecraft:sheep":4,"minecraft:zombie":1,"earthmobsmod:albino_cow":1,"minecraft:cow":3},"minecraft:custom":{"minecraft:interact_with_furnace":14,"minecraft:mob_kills":16,"minecraft:interact_with_crafting_table":5,"minecraft:open_barrel":1,"minecraft:damage_dealt_resisted":20,"minecraft:eat_cake_slice":6,"minecraft:leave_game":2,"minecraft:time_since_death":33168,"minecraft:sleep_in_bed":5,"minecraft:climb_one_cm":4397,"minecraft:time_since_rest":3508,"minecraft:sprint_one_cm":269939,"minecraft:damage_taken":1464,"minecraft:walk_one_cm":272900,"minecraft:trigger_trapped_chest":1,"minecraft:drop":301,"minecraft:damage_dealt":1557,"minecraft:swim_one_cm":45375,"minecraft:talked_to_villager":2,"minecraft:fly_one_cm":254063,"minecraft:open_chest":20,"minecraft:crouch_one_cm":217,"minecraft:play_time":99019,"tombstone:undead_killed":3,"minecraft:deaths":4,"minecraft:sneak_time":279,"minecraft:walk_under_water_one_cm":8120,"minecraft:jump":1210,"minecraft:walk_on_water_one_cm":14244,"minecraft:total_world_time":99019,"minecraft:fall_one_cm":30999}},"DataVersion":3465}