{"stats":{"minecraft:crafted":{"minecraft:oak_planks":4,"minecraft:crafting_table":1,"minecraft:stick":16,"minecraft:wooden_pickaxe":1,"ecologics:walnut_planks":16,"minecraft:bread":30},"minecraft:killed_by":{"undead_revamp2:theimmortal":1,"iceandfire:ghost":1},"minecraft:mined":{"minecraft:hay_block":3,"minecraft:acacia_leaves":1,"minecraft:white_bed":1,"minecraft:glass_pane":1,"minecraft:furnace":1,"minecraft:wheat":89,"minecraft:grass":6,"minecraft:oak_log":5,"ecologics:walnut_leaves":1,"minecraft:vine":1,"minecraft:oak_pressure_plate":2,"ecologics:walnut_log":7,"minecraft:oak_planks":4,"minecraft:oak_leaves":1},"minecraft:used":{"minecraft:oak_log":1,"ecologics:walnut_log":3,"minecraft:bread":7,"minecraft:oak_planks":4,"minecraft:wooden_pickaxe":1,"minecraft:iron_sword":13,"minecraft:iron_boots":1,"minecraft:golden_leggings":1,"minecraft:golden_helmet":1,"tombstone:gift":2,"minecraft:white_bed":1,"minecraft:experience_bottle":1,"minecraft:wheat_seeds":74},"minecraft:picked_up":{"minecraft:golden_helmet":1,"born_in_chaos_v1:corpse_maggot":1,"minecraft:wheat":90,"ecologics:walnut_log":7,"minecraft:golden_leggings":1,"minecraft:oak_pressure_plate":1,"luminousworld:sunset_petunias":1,"minecraft:oak_log":5,"minecraft:white_bed":2,"minecraft:lantern":1,"minecraft:experience_bottle":1,"minecraft:arrow":6,"minecraft:wheat_seeds":253,"minecraft:hay_block":3,"minecraft:iron_ingot":1,"tombstone:essence_of_undeath":1,"minecraft:emerald":2,"minecraft:iron_sword":2,"minecraft:oak_planks":4,"minecraft:furnace":1},"minecraft:dropped":{"minecraft:iron_sword":1,"luminousworld:sunset_petunias":1,"minecraft:wheat_seeds":176,"tombstone:grave_dust":1,"minecraft:arrow":2},"minecraft:killed":{"minecraft:zombie_villager":1,"enemyexpansion:sprinter":1,"born_in_chaos_v1:maggot":1},"minecraft:custom":{"minecraft:time_since_rest":5687,"minecraft:interact_with_furnace":12,"minecraft:damage_taken":843,"minecraft:sprint_one_cm":119145,"minecraft:trigger_trapped_chest":1,"minecraft:walk_one_cm":162984,"minecraft:mob_kills":5,"minecraft:drop":181,"minecraft:damage_dealt":540,"minecraft:interact_with_crafting_table":3,"minecraft:swim_one_cm":13319,"minecraft:fly_one_cm":130340,"minecraft:open_chest":13,"minecraft:crouch_one_cm":217,"minecraft:play_time":51019,"tombstone:undead_killed":2,"minecraft:deaths":2,"minecraft:sneak_time":279,"minecraft:walk_under_water_one_cm":3409,"minecraft:jump":625,"minecraft:damage_dealt_resisted":20,"minecraft:eat_cake_slice":3,"minecraft:leave_game":2,"minecraft:time_since_death":42668,"minecraft:walk_on_water_one_cm":6850,"minecraft:sleep_in_bed":2,"minecraft:total_world_time":51019,"minecraft:climb_one_cm":3113,"minecraft:fall_one_cm":15521}},"DataVersion":3465}