{"stats":{"minecraft:crafted":{"minecraft:wooden_sword":1,"minecraft:crafting_table":1,"minecraft:wooden_pickaxe":1,"minecraft:wooden_axe":2,"minecraft:bread":21,"luminousworld:palmplank":36,"minecraft:wheat":63},"minecraft:used":{"minecraft:oak_fence":2,"minecraft:wooden_axe":43,"minecraft:bread":5,"minecraft:sand":3,"minecraft:crafting_table":2,"minecraft:experience_bottle":1},"minecraft:dropped":{"minecraft:bread":3,"luminousworld:ancient_sandstonebricks":1},"minecraft:killed":{"minecraft:pig":3},"minecraft:picked_up":{"luminousworld:groundpebbles_1":1,"minecraft:stick":9,"minecraft:crafting_table":2,"luminousworld:ancient_sandstonebricks":1,"minecraft:oak_fence":2,"minecraft:porkchop":5,"minecraft:sand":11,"minecraft:white_bed":1,"minecraft:item_frame":1,"minecraft:cooked_mutton":1,"minecraft:experience_bottle":1,"minecraft:cactus":1,"luminousworld:palm_log":9,"minecraft:hay_block":10,"minecraft:sugar_cane":2},"minecraft:mined":{"minecraft:hay_block":10,"minecraft:white_bed":1,"luminousworld:ancient_sandstonebricks":1,"minecraft:oak_fence":2,"minecraft:crafting_table":2,"minecraft:grass":1,"minecraft:dead_bush":13,"minecraft:sand":11,"luminousworld:palm_log":10,"minecraft:sugar_cane":1},"minecraft:custom":{"minecraft:interact_with_furnace":1,"minecraft:time_since_rest":11623,"minecraft:sprint_one_cm":54692,"minecraft:damage_taken":173,"minecraft:walk_one_cm":26532,"minecraft:mob_kills":3,"minecraft:drop":4,"minecraft:damage_dealt":300,"minecraft:interact_with_cartography_table":2,"minecraft:swim_one_cm":380,"minecraft:interact_with_crafting_table":6,"minecraft:fly_one_cm":26208,"minecraft:open_chest":1,"minecraft:play_time":11623,"minecraft:walk_under_water_one_cm":43,"minecraft:pot_flower":1,"minecraft:jump":166,"minecraft:walk_on_water_one_cm":118,"minecraft:time_since_death":11623,"minecraft:climb_one_cm":1101,"minecraft:total_world_time":11623,"minecraft:fall_one_cm":4189}},"DataVersion":3465}