{"stats":{"minecraft:crafted":{"minecraft:wooden_sword":1,"minecraft:coal":54,"minecraft:cooked_porkchop":5,"minecraft:crafting_table":1,"minecraft:wooden_pickaxe":1,"minecraft:wooden_axe":2,"minecraft:torch":8,"minecraft:bread":21,"luminousworld:palmplank":36,"minecraft:wheat":63},"minecraft:used":{"minecraft:oak_fence":2,"minecraft:wooden_axe":43,"minecraft:bread":7,"minecraft:wooden_pickaxe":6,"minecraft:iron_sword":3,"minecraft:sand":3,"minecraft:crafting_table":2,"minecraft:cooked_porkchop":1,"minecraft:white_bed":1,"minecraft:experience_bottle":1},"minecraft:dropped":{"minecraft:bread":4,"luminousworld:ancient_sandstonebricks":1},"minecraft:killed":{"minecraft:zombie":1,"minecraft:pig":3},"minecraft:picked_up":{"luminousworld:groundpebbles_1":1,"minecraft:stick":9,"minecraft:crafting_table":2,"luminousworld:ancient_sandstonebricks":1,"minecraft:oak_fence":2,"minecraft:porkchop":5,"minecraft:sand":11,"minecraft:white_bed":2,"minecraft:item_frame":1,"minecraft:cooked_mutton":1,"minecraft:experience_bottle":1,"minecraft:cactus":1,"luminousworld:palm_log":9,"minecraft:hay_block":10,"minecraft:coal_block":6,"minecraft:sugar_cane":2,"minecraft:iron_sword":1},"minecraft:mined":{"minecraft:hay_block":10,"minecraft:white_bed":2,"luminousworld:ancient_sandstonebricks":1,"minecraft:oak_fence":2,"minecraft:crafting_table":2,"minecraft:grass":1,"minecraft:dead_bush":13,"minecraft:sand":11,"minecraft:coal_block":6,"luminousworld:palm_log":10,"minecraft:sugar_cane":1},"minecraft:custom":{"minecraft:interact_with_furnace":8,"minecraft:time_since_rest":21759,"minecraft:sprint_one_cm":116766,"minecraft:damage_taken":318,"minecraft:walk_one_cm":55306,"minecraft:mob_kills":4,"minecraft:drop":5,"minecraft:damage_dealt":500,"minecraft:interact_with_cartography_table":2,"minecraft:swim_one_cm":380,"minecraft:interact_with_crafting_table":7,"minecraft:fly_one_cm":43797,"minecraft:open_chest":3,"minecraft:crouch_one_cm":23,"minecraft:play_time":21759,"tombstone:undead_killed":1,"minecraft:sneak_time":39,"minecraft:walk_under_water_one_cm":43,"minecraft:pot_flower":1,"minecraft:jump":254,"minecraft:interact_with_stonecutter":1,"minecraft:leave_game":1,"minecraft:walk_on_water_one_cm":118,"minecraft:time_since_death":21759,"minecraft:interact_with_smoker":1,"minecraft:climb_one_cm":1654,"minecraft:total_world_time":21759,"minecraft:fall_one_cm":5652,"minecraft:interact_with_smithing_table":1}},"DataVersion":3465}