{"stats":{"minecraft:crafted":{"minecraft:redstone":2,"minecraft:iron_axe":1,"minecraft:crafting_table":1,"minecraft:stick":4,"minecraft:wooden_pickaxe":1,"minecraft:air":0,"luminousworld:palmplank":28},"minecraft:dropped":{"tombstone:grave_key":1,"minecraft:white_bed":1},"minecraft:used":{"minecraft:iron_axe":10,"minecraft:bread":6,"minecraft:crafting_table":2,"tombstone:gift":2,"minecraft:white_bed":2},"minecraft:killed_by":{"iceandfire:ghost":1},"minecraft:picked_up":{"ecologics:flowering_azalea_log":4,"minecraft:stick":14,"minecraft:crafting_table":2,"luminousworld:ancient_sandstonebricks":1,"ecologics:azalea_log":1,"minecraft:sand":9,"minecraft:white_bed":3,"luminousworld:palm_log":11,"minecraft:wheat_seeds":1,"minecraft:azalea":1,"minecraft:bread":3,"minecraft:sugar_cane":4},"minecraft:mined":{"minecraft:white_bed":3,"minecraft:crafting_table":2,"minecraft:grass":3,"ecologics:azalea_log":1,"minecraft:dead_bush":18,"ecologics:flowering_azalea_log":4,"minecraft:sand":9,"luminousworld:palm_log":11,"minecraft:azalea_leaves":1,"minecraft:sugar_cane":2,"minecraft:oak_leaves":1},"minecraft:custom":{"minecraft:time_since_rest":9167,"minecraft:interact_with_smithing_table":1,"minecraft:sprint_one_cm":152013,"minecraft:damage_taken":435,"minecraft:walk_one_cm":108567,"minecraft:drop":2,"minecraft:damage_dealt":200,"minecraft:traded_with_villager":1,"minecraft:talked_to_villager":2,"minecraft:interact_with_crafting_table":3,"minecraft:fly_one_cm":118800,"minecraft:open_chest":8,"minecraft:crouch_one_cm":1051,"minecraft:play_time":28761,"minecraft:deaths":1,"minecraft:sneak_time":415,"minecraft:walk_under_water_one_cm":171,"minecraft:jump":505,"minecraft:walk_on_water_one_cm":210,"minecraft:time_since_death":24300,"minecraft:sleep_in_bed":1,"minecraft:total_world_time":28761,"minecraft:climb_one_cm":554,"minecraft:fall_one_cm":12183}},"DataVersion":3465}