{"stats":{"minecraft:crafted":{"minecraft:redstone":2,"iceandfire:silver_ingot":1,"minecraft:crafting_table":3,"minecraft:wooden_pickaxe":1,"minecraft:furnace":2,"minecraft:air":0,"minecraft:iron_axe":1,"minecraft:stick":24,"minecraft:iron_ingot":6,"minecraft:iron_pickaxe":2,"minecraft:stone_pickaxe":1,"minecraft:torch":4,"luminousworld:palmplank":44},"minecraft:killed_by":{"iceandfire:ghost":1},"minecraft:mined":{"minecraft:white_bed":6,"iceandfire:silver_ore":9,"minecraft:magenta_wall_banner":1,"luminousworld:palmplank":1,"minecraft:crafting_table":2,"minecraft:torch":2,"minecraft:granite":11,"minecraft:grass_block":3,"minecraft:dead_bush":18,"minecraft:sugar_cane":2,"minecraft:diorite":3,"minecraft:wall_torch":2,"supplementaries:urn":1,"minecraft:iron_ore":33,"minecraft:andesite":1,"minecraft:grass":3,"minecraft:coal_ore":41,"luminousworld:ishstone":1,"ecologics:azalea_log":1,"ecologics:flowering_azalea_log":4,"minecraft:gravel":1,"minecraft:sand":9,"minecraft:dirt":1,"luminousworld:palm_log":11,"minecraft:azalea_leaves":1,"minecraft:stone_bricks":2,"minecraft:stone":166,"minecraft:oak_leaves":1},"minecraft:used":{"minecraft:diorite":3,"minecraft:stone_pickaxe":131,"luminousworld:ancient_sandstonebricks":1,"minecraft:wooden_pickaxe":15,"minecraft:torch":7,"minecraft:crafting_table":5,"minecraft:white_bed":4,"minecraft:iron_axe":56,"minecraft:bread":18,"minecraft:iron_pickaxe":119,"luminousworld:palmplank":11,"minecraft:furnace":2,"tombstone:gift":2,"minecraft:golden_pickaxe":5},"minecraft:broken":{"minecraft:stone_pickaxe":1},"minecraft:picked_up":{"ecologics:flowering_azalea_log":4,"born_in_chaos_v1:corpse_maggot":1,"minecraft:crafting_table":2,"minecraft:wheat":4,"luminousworld:palmplank":1,"minecraft:potato":1,"minecraft:oak_log":1,"minecraft:dirt":4,"minecraft:raw_copper":1,"minecraft:bone":4,"minecraft:stone_bricks":2,"luminousworld:palm_log":15,"minecraft:sea_pickle":2,"minecraft:wheat_seeds":5,"minecraft:iron_ingot":1,"minecraft:azalea":1,"minecraft:iron_nugget":10,"minecraft:sugar_cane":4,"minecraft:stick":14,"minecraft:raw_iron":35,"luminousworld:ancient_sandstonebricks":1,"ecologics:azalea_log":1,"minecraft:torch":4,"minecraft:sand":9,"tombstone:grave_dust":1,"minecraft:diorite":3,"minecraft:white_bed":6,"minecraft:arrow":4,"minecraft:rotten_flesh":10,"minecraft:granite":4,"minecraft:bread":4,"minecraft:mutton":1,"minecraft:coal":41,"iceandfire:raw_silver":9,"minecraft:cobblestone":128},"minecraft:dropped":{"minecraft:raw_copper":1,"minecraft:white_bed":1,"minecraft:sea_pickle":1,"tombstone:grave_key":1,"minecraft:azalea":1,"tombstone:grave_dust":2,"luminousworld:palm_log":4},"minecraft:custom":{"minecraft:interact_with_smithing_table":1,"minecraft:interact_with_furnace":9,"minecraft:mob_kills":9,"minecraft:traded_with_villager":1,"minecraft:interact_with_cartography_table":1,"minecraft:interact_with_crafting_table":15,"minecraft:open_barrel":6,"minecraft:eat_cake_slice":6,"minecraft:leave_game":1,"minecraft:time_since_death":93441,"minecraft:sleep_in_bed":6,"minecraft:climb_one_cm":6048,"minecraft:time_since_rest":8470,"minecraft:sprint_one_cm":263517,"minecraft:damage_taken":1010,"minecraft:walk_one_cm":325855,"minecraft:drop":7,"minecraft:damage_dealt":2532,"minecraft:talked_to_villager":18,"minecraft:fly_one_cm":198646,"minecraft:open_chest":24,"minecraft:crouch_one_cm":8784,"minecraft:play_time":97902,"tombstone:undead_killed":7,"minecraft:deaths":1,"minecraft:sneak_time":3294,"minecraft:walk_under_water_one_cm":171,"minecraft:jump":1054,"minecraft:interact_with_blast_furnace":5,"minecraft:walk_on_water_one_cm":210,"minecraft:total_world_time":97902,"minecraft:fall_one_cm":25342},"minecraft:killed":{"born_in_chaos_v1:barrel_zombie":1,"enemyexpansion:sprinter":1,"born_in_chaos_v1:zombie_bruiser":1,"born_in_chaos_v1:maggot":1,"minecraft:skeleton":1,"born_in_chaos_v1:bloody_gadfly":1,"minecraft:zombie":2,"enemyexpansion:huntsman":1}},"DataVersion":3465}