{"stats":{"minecraft:crafted":{"minecraft:redstone":2,"iceandfire:silver_ingot":1,"minecraft:crafting_table":3,"minecraft:baked_potato":22,"minecraft:iron_helmet":1,"minecraft:wooden_pickaxe":1,"minecraft:furnace":2,"minecraft:air":0,"minecraft:iron_chestplate":1,"minecraft:iron_axe":1,"minecraft:stick":24,"minecraft:iron_ingot":18,"minecraft:iron_pickaxe":2,"minecraft:stone_pickaxe":1,"minecraft:torch":4,"luminousworld:palmplank":44},"minecraft:killed_by":{"iceandfire:ghost":1},"minecraft:mined":{"minecraft:white_bed":7,"iceandfire:silver_ore":9,"minecraft:magenta_wall_banner":1,"minecraft:deepslate_diamond_ore":1,"luminousworld:palmplank":1,"born_in_chaos_v1:infected_diamond_ore":1,"minecraft:crafting_table":2,"minecraft:torch":2,"minecraft:granite":14,"minecraft:grass_block":3,"minecraft:dead_bush":18,"minecraft:copper_ore":1,"minecraft:cobblestone":9,"minecraft:sugar_cane":2,"minecraft:diorite":4,"minecraft:wall_torch":6,"supplementaries:urn":2,"minecraft:iron_ore":71,"minecraft:andesite":1,"minecraft:grass":3,"minecraft:coal_ore":47,"luminousworld:ishstone":7,"ecologics:azalea_log":1,"ecologics:flowering_azalea_log":4,"minecraft:gravel":1,"minecraft:sand":9,"minecraft:dirt":1,"luminousworld:palm_log":11,"minecraft:azalea_leaves":1,"minecraft:stone_bricks":2,"minecraft:stone":186,"minecraft:deepslate":36,"minecraft:oak_leaves":1},"minecraft:used":{"minecraft:diorite":3,"minecraft:baked_potato":4,"minecraft:stone_pickaxe":131,"luminousworld:ancient_sandstonebricks":1,"minecraft:wooden_pickaxe":15,"minecraft:diamond_axe":19,"minecraft:rotten_flesh":2,"minecraft:torch":12,"minecraft:crafting_table":5,"minecraft:white_bed":5,"born_in_chaos_v1:corpse_maggot":1,"minecraft:iron_axe":125,"minecraft:bread":22,"minecraft:iron_pickaxe":247,"luminousworld:palmplank":11,"minecraft:cobblestone":79,"minecraft:furnace":2,"tombstone:gift":2,"minecraft:golden_pickaxe":5},"minecraft:broken":{"minecraft:stone_pickaxe":1},"minecraft:picked_up":{"ecologics:flowering_azalea_log":4,"born_in_chaos_v1:corpse_maggot":1,"born_in_chaos_v1:diamond_termite_shard":3,"minecraft:crafting_table":2,"minecraft:wheat":4,"luminousworld:palmplank":1,"minecraft:potato":1,"minecraft:oak_log":1,"minecraft:string":1,"minecraft:dirt":10,"minecraft:raw_copper":1,"minecraft:bone":4,"minecraft:stone_bricks":2,"luminousworld:palm_log":15,"minecraft:sea_pickle":2,"minecraft:wheat_seeds":5,"minecraft:cobbled_deepslate":46,"minecraft:raw_gold":2,"minecraft:iron_ingot":1,"minecraft:azalea":1,"minecraft:iron_nugget":10,"minecraft:iron_pickaxe":1,"minecraft:sugar_cane":4,"minecraft:stick":25,"minecraft:raw_iron":80,"luminousworld:ancient_sandstonebricks":1,"ecologics:azalea_log":1,"minecraft:torch":12,"minecraft:sand":9,"tombstone:grave_dust":1,"minecraft:diorite":5,"minecraft:white_bed":6,"minecraft:dead_bush":1,"minecraft:diamond":1,"minecraft:arrow":4,"minecraft:rotten_flesh":10,"minecraft:chainmail_leggings":1,"minecraft:bone_meal":2,"minecraft:diamond_axe":2,"minecraft:granite":4,"minecraft:gold_ingot":2,"minecraft:chainmail_helmet":1,"minecraft:bread":4,"artifacts:panic_necklace":1,"minecraft:mutton":1,"minecraft:coal":41,"iceandfire:raw_silver":9,"minecraft:cobblestone":162},"minecraft:dropped":{"minecraft:cobbled_deepslate":14,"minecraft:raw_copper":1,"minecraft:cobblestone":58,"minecraft:white_bed":1,"minecraft:dirt":6,"minecraft:sea_pickle":1,"tombstone:grave_key":1,"minecraft:acacia_sapling":2,"minecraft:azalea":1,"tombstone:grave_dust":2,"luminousworld:palm_log":4,"minecraft:bone_meal":1,"minecraft:wooden_pickaxe":1,"minecraft:raw_gold":2,"minecraft:gold_ingot":4},"minecraft:custom":{"minecraft:interact_with_smithing_table":1,"minecraft:interact_with_furnace":17,"minecraft:mob_kills":25,"minecraft:traded_with_villager":1,"minecraft:interact_with_cartography_table":1,"minecraft:interact_with_crafting_table":19,"minecraft:open_barrel":24,"minecraft:eat_cake_slice":6,"minecraft:leave_game":1,"minecraft:time_since_death":129441,"minecraft:sleep_in_bed":7,"minecraft:climb_one_cm":6048,"minecraft:time_since_rest":28993,"minecraft:sprint_one_cm":279096,"minecraft:damage_taken":1513,"minecraft:walk_one_cm":454681,"minecraft:trigger_trapped_chest":1,"minecraft:drop":16,"minecraft:damage_dealt":5013,"minecraft:talked_to_villager":18,"minecraft:fly_one_cm":205648,"minecraft:open_chest":24,"minecraft:crouch_one_cm":14458,"minecraft:play_time":133902,"tombstone:undead_killed":7,"minecraft:deaths":1,"minecraft:sneak_time":5519,"minecraft:walk_under_water_one_cm":5571,"minecraft:jump":1447,"minecraft:interact_with_blast_furnace":5,"minecraft:walk_on_water_one_cm":15751,"minecraft:interact_with_smoker":7,"minecraft:total_world_time":133902,"minecraft:fall_one_cm":28611},"minecraft:killed":{"born_in_chaos_v1:barrel_zombie":1,"born_in_chaos_v1:diamond_termite":3,"enemyexpansion:sprinter":1,"enemyexpansion:direwolf":1,"minecraft:creeper":2,"born_in_chaos_v1:zombie_bruiser":1,"born_in_chaos_v1:maggot":1,"minecraft:skeleton":1,"born_in_chaos_v1:bloody_gadfly":1,"minecraft:zombie":2,"born_in_chaos_v1:corpse_fly":3,"enemyexpansion:huntsman":1,"born_in_chaos_v1:corpse_fish":2,"artifacts:mimic":1}},"DataVersion":3465}