{"stats":{"minecraft:crafted":{"minecraft:redstone":2,"minecraft:iron_axe":1,"minecraft:crafting_table":1,"minecraft:stick":4,"minecraft:wooden_pickaxe":1,"minecraft:air":0,"luminousworld:palmplank":28},"minecraft:dropped":{"tombstone:grave_key":1,"minecraft:white_bed":1},"minecraft:used":{"minecraft:iron_axe":11,"minecraft:bread":9,"luminousworld:ancient_sandstonebricks":1,"minecraft:wooden_pickaxe":2,"luminousworld:palmplank":11,"minecraft:crafting_table":2,"tombstone:gift":2,"minecraft:white_bed":2},"minecraft:killed_by":{"iceandfire:ghost":1},"minecraft:picked_up":{"ecologics:flowering_azalea_log":4,"minecraft:stick":14,"minecraft:crafting_table":2,"luminousworld:palmplank":1,"minecraft:wheat":4,"luminousworld:ancient_sandstonebricks":1,"ecologics:azalea_log":1,"minecraft:sand":9,"minecraft:white_bed":3,"minecraft:stone_bricks":2,"luminousworld:palm_log":11,"minecraft:wheat_seeds":4,"minecraft:azalea":1,"minecraft:bread":3,"minecraft:sugar_cane":4},"minecraft:mined":{"minecraft:white_bed":3,"minecraft:magenta_wall_banner":1,"luminousworld:palmplank":1,"minecraft:crafting_table":2,"minecraft:grass":3,"ecologics:azalea_log":1,"minecraft:dead_bush":18,"ecologics:flowering_azalea_log":4,"minecraft:sand":9,"minecraft:stone_bricks":2,"luminousworld:palm_log":11,"minecraft:azalea_leaves":1,"minecraft:sugar_cane":2,"minecraft:oak_leaves":1},"minecraft:custom":{"minecraft:time_since_rest":21167,"minecraft:interact_with_smithing_table":1,"minecraft:sprint_one_cm":202942,"minecraft:damage_taken":585,"minecraft:walk_one_cm":153148,"minecraft:drop":2,"minecraft:damage_dealt":200,"minecraft:traded_with_villager":1,"minecraft:talked_to_villager":8,"minecraft:interact_with_crafting_table":3,"minecraft:fly_one_cm":155691,"minecraft:open_barrel":1,"minecraft:open_chest":14,"minecraft:crouch_one_cm":3537,"minecraft:play_time":40761,"minecraft:deaths":1,"minecraft:sneak_time":1285,"minecraft:walk_under_water_one_cm":171,"minecraft:jump":706,"minecraft:walk_on_water_one_cm":210,"minecraft:time_since_death":36300,"minecraft:sleep_in_bed":1,"minecraft:total_world_time":40761,"minecraft:climb_one_cm":3570,"minecraft:fall_one_cm":18814}},"DataVersion":3465}