{"stats":{"minecraft:crafted":{"minecraft:iron_axe":1,"minecraft:crafting_table":1,"minecraft:stick":4,"minecraft:wooden_pickaxe":1,"luminousworld:palmplank":28},"minecraft:used":{"minecraft:crafting_table":2,"minecraft:iron_axe":6,"minecraft:bread":3,"tombstone:gift":2},"minecraft:killed_by":{"iceandfire:ghost":1},"minecraft:picked_up":{"ecologics:flowering_azalea_log":4,"minecraft:crafting_table":2,"minecraft:stick":14,"luminousworld:ancient_sandstonebricks":1,"ecologics:azalea_log":1,"luminousworld:palm_log":11,"minecraft:sand":9,"minecraft:azalea":1,"minecraft:bread":3,"minecraft:sugar_cane":4},"minecraft:mined":{"ecologics:azalea_log":1,"ecologics:flowering_azalea_log":4,"minecraft:dead_bush":18,"minecraft:sand":9,"minecraft:azalea_leaves":1,"luminousworld:palm_log":11,"minecraft:sugar_cane":2,"minecraft:crafting_table":2},"minecraft:custom":{"minecraft:open_chest":3,"minecraft:time_since_rest":11967,"minecraft:interact_with_smithing_table":1,"minecraft:crouch_one_cm":703,"minecraft:play_time":16761,"minecraft:sprint_one_cm":87483,"minecraft:walk_one_cm":63206,"minecraft:damage_taken":260,"minecraft:deaths":1,"minecraft:sneak_time":276,"minecraft:walk_under_water_one_cm":171,"minecraft:jump":312,"minecraft:damage_dealt":20,"minecraft:time_since_death":12300,"minecraft:walk_on_water_one_cm":210,"minecraft:climb_one_cm":554,"minecraft:total_world_time":16761,"minecraft:interact_with_crafting_table":3,"minecraft:fall_one_cm":7601,"minecraft:fly_one_cm":73948}},"DataVersion":3465}