{"stats":{"minecraft:crafted":{"minecraft:redstone":2,"minecraft:iron_axe":1,"minecraft:crafting_table":1,"minecraft:stick":4,"minecraft:wooden_pickaxe":1,"minecraft:air":0,"luminousworld:palmplank":28},"minecraft:killed_by":{"iceandfire:ghost":1},"minecraft:used":{"minecraft:iron_axe":30,"luminousworld:ancient_sandstonebricks":1,"minecraft:bread":12,"minecraft:wooden_pickaxe":2,"luminousworld:palmplank":11,"minecraft:crafting_table":2,"minecraft:white_bed":2,"tombstone:gift":2},"minecraft:mined":{"minecraft:white_bed":3,"minecraft:magenta_wall_banner":1,"luminousworld:palmplank":1,"minecraft:crafting_table":2,"minecraft:grass":3,"minecraft:dead_bush":18,"ecologics:azalea_log":1,"ecologics:flowering_azalea_log":4,"minecraft:sand":9,"minecraft:azalea_leaves":1,"luminousworld:palm_log":11,"minecraft:stone_bricks":2,"minecraft:sugar_cane":2,"minecraft:oak_leaves":1},"minecraft:picked_up":{"ecologics:flowering_azalea_log":4,"minecraft:stick":14,"minecraft:crafting_table":2,"luminousworld:palmplank":1,"minecraft:wheat":4,"luminousworld:ancient_sandstonebricks":1,"ecologics:azalea_log":1,"minecraft:potato":1,"minecraft:sand":9,"minecraft:oak_log":1,"tombstone:grave_dust":1,"minecraft:white_bed":3,"minecraft:raw_copper":1,"minecraft:sea_pickle":1,"minecraft:rotten_flesh":9,"luminousworld:palm_log":11,"minecraft:stone_bricks":2,"minecraft:wheat_seeds":5,"minecraft:iron_ingot":1,"minecraft:bread":4,"minecraft:azalea":1,"minecraft:sugar_cane":4,"minecraft:mutton":1},"minecraft:dropped":{"tombstone:grave_key":1,"minecraft:white_bed":1},"minecraft:custom":{"minecraft:time_since_rest":2790,"minecraft:interact_with_smithing_table":1,"minecraft:sprint_one_cm":224152,"minecraft:damage_taken":685,"minecraft:walk_one_cm":206390,"minecraft:mob_kills":4,"minecraft:drop":2,"minecraft:damage_dealt":1581,"minecraft:traded_with_villager":1,"minecraft:interact_with_crafting_table":3,"minecraft:talked_to_villager":16,"minecraft:fly_one_cm":167621,"minecraft:open_barrel":1,"minecraft:open_chest":14,"minecraft:crouch_one_cm":3552,"minecraft:play_time":61902,"tombstone:undead_killed":4,"minecraft:deaths":1,"minecraft:sneak_time":1325,"minecraft:walk_under_water_one_cm":171,"minecraft:jump":781,"minecraft:leave_game":1,"minecraft:time_since_death":57441,"minecraft:walk_on_water_one_cm":210,"minecraft:sleep_in_bed":2,"minecraft:climb_one_cm":6048,"minecraft:total_world_time":61902,"minecraft:fall_one_cm":20753},"minecraft:killed":{"born_in_chaos_v1:barrel_zombie":1,"minecraft:zombie":2,"born_in_chaos_v1:zombie_bruiser":1}},"DataVersion":3465}