{"stats":{"minecraft:crafted":{"minecraft:redstone":2,"iceandfire:silver_ingot":1,"minecraft:crafting_table":1,"minecraft:wooden_pickaxe":1,"minecraft:furnace":1,"minecraft:air":0,"minecraft:iron_axe":1,"minecraft:stick":20,"minecraft:stone_pickaxe":1,"luminousworld:palmplank":28},"minecraft:killed_by":{"iceandfire:ghost":1},"minecraft:used":{"minecraft:stone_pickaxe":18,"luminousworld:ancient_sandstonebricks":1,"minecraft:wooden_pickaxe":15,"minecraft:crafting_table":3,"minecraft:white_bed":3,"minecraft:iron_axe":31,"minecraft:bread":12,"luminousworld:palmplank":11,"minecraft:furnace":1,"tombstone:gift":2},"minecraft:mined":{"minecraft:white_bed":4,"iceandfire:silver_ore":1,"minecraft:magenta_wall_banner":1,"luminousworld:palmplank":1,"minecraft:crafting_table":2,"minecraft:grass_block":3,"minecraft:dead_bush":18,"minecraft:sugar_cane":2,"minecraft:grass":3,"ecologics:azalea_log":1,"ecologics:flowering_azalea_log":4,"minecraft:sand":9,"minecraft:dirt":1,"luminousworld:palm_log":11,"minecraft:azalea_leaves":1,"minecraft:stone_bricks":2,"minecraft:stone":30,"minecraft:oak_leaves":1},"minecraft:picked_up":{"ecologics:flowering_azalea_log":4,"minecraft:crafting_table":2,"minecraft:wheat":4,"luminousworld:palmplank":1,"minecraft:potato":1,"minecraft:oak_log":1,"minecraft:dirt":4,"minecraft:raw_copper":1,"minecraft:stone_bricks":2,"luminousworld:palm_log":15,"minecraft:sea_pickle":1,"minecraft:wheat_seeds":5,"minecraft:iron_ingot":1,"minecraft:azalea":1,"minecraft:sugar_cane":4,"minecraft:stick":14,"luminousworld:ancient_sandstonebricks":1,"ecologics:azalea_log":1,"minecraft:sand":9,"tombstone:grave_dust":1,"minecraft:white_bed":4,"minecraft:rotten_flesh":9,"minecraft:bread":4,"minecraft:mutton":1,"iceandfire:raw_silver":1,"minecraft:cobblestone":30},"minecraft:dropped":{"minecraft:white_bed":1,"tombstone:grave_key":1,"luminousworld:palm_log":4},"minecraft:custom":{"minecraft:interact_with_smithing_table":1,"minecraft:interact_with_furnace":6,"minecraft:mob_kills":4,"minecraft:traded_with_villager":1,"minecraft:interact_with_crafting_table":12,"minecraft:open_barrel":1,"minecraft:eat_cake_slice":6,"minecraft:leave_game":1,"minecraft:time_since_death":69441,"minecraft:sleep_in_bed":4,"minecraft:climb_one_cm":6048,"minecraft:time_since_rest":632,"minecraft:sprint_one_cm":240397,"minecraft:damage_taken":695,"minecraft:walk_one_cm":247990,"minecraft:drop":3,"minecraft:damage_dealt":1581,"minecraft:talked_to_villager":17,"minecraft:fly_one_cm":186937,"minecraft:open_chest":16,"minecraft:crouch_one_cm":3865,"minecraft:play_time":73902,"tombstone:undead_killed":4,"minecraft:deaths":1,"minecraft:sneak_time":1385,"minecraft:walk_under_water_one_cm":171,"minecraft:jump":854,"minecraft:walk_on_water_one_cm":210,"minecraft:total_world_time":73902,"minecraft:fall_one_cm":23110},"minecraft:killed":{"born_in_chaos_v1:barrel_zombie":1,"born_in_chaos_v1:zombie_bruiser":1,"minecraft:zombie":2}},"DataVersion":3465}