{"stats":{"minecraft:killed_by":{"iceandfire:ghost":1},"minecraft:picked_up":{"minecraft:stick":13},"minecraft:mined":{"minecraft:dead_bush":14},"minecraft:custom":{"minecraft:jump":147,"minecraft:time_since_rest":1,"minecraft:damage_dealt":20,"minecraft:walk_on_water_one_cm":18,"minecraft:deaths":1,"minecraft:sprint_one_cm":44128,"minecraft:play_time":4761,"minecraft:damage_taken":230,"minecraft:time_since_death":300,"minecraft:walk_one_cm":14788,"minecraft:total_world_time":4761,"minecraft:fall_one_cm":2899,"minecraft:fly_one_cm":38328}},"DataVersion":3465}